image_id|source_file|source_number|type|format|contributor|buildings_current|buildings_former|date|photographer|width|height|resolution|physical_size|cd_location|tiff_location|notes|no_students|no_profs|related_image|display_dpi
1|class1873|21|Class|tiff|Mike Meade, Alex Rogers|||1873-01-01|Holman's Ltd.|9796|9458|569.7|14.9x14.6|||reverse had stamp "Pictures and Framing Holman's Ltd. Saint John, N.B."|16|0||72
2|class1875|22|Class|tiff|Mike Meade, Alex Rogers|||1875-01-01||11662|9660|483.45|19.3x15.3||||13|0||72
3|class1876_ec|0|Encaenia|tiff|Mike Meade, Alex Rogers|Old Arts Building|College|1876-01-01|W A Moores|6694|8796||||||28|5||72
4|class1879|0|Encaenia|tiff|Mike Meade, Alex Rogers|Old Arts Building||1879-01-01|Geo. W Schleyer|4716|6036|300|||||50|0||72
5|class1882_ec|80|Encaenia|tiff|Mike Meade, Alex Rogers|||1882-01-01|Geo. W Schleyer|8707|11674|300|29x38.9||||52|5||72
6|class1885_alt|0|Class|tiff|Mike Meade, Alex Rogers|||1885-01-01||6054|7221||||||0|0||72
7|class1885_ec|0|Encaenia|tiff|Mike Meade, Alex Rogers|||1885-01-01|Geo. W Schleyer|8120|10969||||||46|5||72
8|class1885|0|Class|tiff|Mike Meade, Alex Rogers|||1885-01-01||8923|11787||||||10|1||72
9|class1888|0|Encaenia|tiff|Mike Meade, Alex Rogers|||1888-01-01||9049|12400|300||||frame cuts off edges|76|5||72
10|class1892_ec|0|Encaenia|tiff|Mike Meade, Alex Rogers|||1892-01-01|Geo.  A Burkhardt|11799|18566|300||||stitched together from multiple shots|84|7||72
11|class1892_law|0|Club|tiff|Mike Meade, Alex Rogers|||1892-01-01||12228|10273|||||Law Students' Debating Club of St. John, NB|0|0||72
12|class1896_ec|0|Encaenia|tiff|Mike Meade, Alex Rogers|||1896-01-01|J Harvey|11801|15033|300||||stitched together from multiple shots|76|7||72
13|class1900|0|Encoenia|tiff|Mike Meade, Alex Rogers|||1900-01-01|J Harvey|12028|8926|176||||stitched together from multiple shots|101|7||72
14|class1902|24|Class|tiff|Mike Meade, Alex Rogers|||1902-01-01|Harvey's Studio|8962|10680|300|21.6x27.2||||20|0||72
15|class1903|0|Class|tiff|Mike Meade, Alex Rogers|||1903-01-01|Harvey|6111|4967|300|||||25|0||72
16|class1904_ec|0|Encoenia|tiff|Mike Meade, Alex Rogers|||1904-01-01|Harvey Photo|13684|11596||||||0|0||72
17|class1904|0|Class|tiff|Mike Meade, Alex Rogers|Forestry & Geology, Old Arts Building|Science Building, Provincial University Building|1904-01-01|Geo. A Burkhardt Studio|11678|8989|300|||||27|0||72
18|class1905_freshmen|0|Freshmen Class|tiff|Mike Meade, Alex Rogers|||1905-01-01|Harvey|7984|5600||||||9|0|class1905_freshmen_back|72
19|class1905|17|Class|tiff|Mike Meade, Alex Rogers|Old Arts, Forestry & Geology|University of New Brunswick, UNB Science Building|1905-01-01|Burkhardt's Studio|12213|9555||||||26|0||72
20|class1907|0|Class|tiff|Mike Meade, Alex Rogers|||1907-01-01|Burkhardt's Studio|11734|9216|300|||||28|0||72
21|class1908_alt|0|Class|tiff|Mike Meade, Alex Rogers|||1908-01-01|Harvey Photo|12355|10038||||||0|0||72
22|class1908_ec|0|Encoenia|tiff|Mike Meade, Alex Rogers|Old Arts, Forestry & Geology|University Building - Arts, Engineering|1908-01-01|Harvey Photo|13040|11014||||||0|9||72
23|class1908_sp|0|Student Paper|tiff|Mike Meade, Alex Rogers|||1908-01-01|Burkhardt's Studio|8598|7455|||||UNB Monthly Editorial Staff|0|0|class1908_sp_back|72
24|class1908|18|Class|tiff|Mike Meade, Alex Rogers|Old Arts, Forestry & Geology|University Building, Science Building|1908-01-01|Harvey Photo|8809|11811|300|29.4x39.4||||0|0||72
25|class1909|26|Class|tiff|Mike Meade, Alex Rogers|Old Arts, Forestry & Geology|University of UNB, Science Building|1909-01-01|Harvey's Photo|11380|9636|300|34.8x29.2||||0|0||72
26|class1910_debating|0|Club|tiff|Mike Meade, Alex Rogers|||1910-01-01|Harvey|5391|6929|||||UNB Junior Debating Team Interclass Champions|5|0||72
27|class1910|0|Class|tiff|Mike Meade, Alex Rogers|Forestry & Geology, Old Arts Building|Engineering Building, Arts Building|1910-01-01|Harvey Photo Studio|10838|8116|300|||||35|0||72
28|class1910c|0|Class|tiff|Mike Meade, Alex Rogers|||1910-01-01||8844|7464|||||Circa 1910|0|0||72
29|class1911_presidents|0|Class Presidents|tiff|Mike Meade, Alex Rogers|||1911-01-01||9978|12420||||||10|0||72
30|class1911_ymca|0|Club|tiff|Mike Meade, Alex Rogers|||1911-01-01|Harvey Studio|8351|7191|||||Cabinet of Y.M.C.A. of UNB 1911-12|9|1||72
31|class1911|20|Class|tiff|Mike Meade, Alex Rogers|Old Arts, Forestry & Geology|Arts Building, Engineering Building|1911-01-01|Harvey's Photo-Studio|12146|9144|300|39.1x29.1||||29|0||72
32|class1912_drama|0|Club|tiff|Mike Meade, Alex Rogers|||1912-01-01||12250|9942|||||"The Taming os the Srew" UNB Dramatic Society|0|0||72
33|class1912_ec|0|Encoenia|tiff|Mike Meade, Alex Rogers|Old Arts, Forestry & Geology|Arts Building, Engineering Building|1912-01-01|Harvey's Studio|11956|10036|176||||stitched together from multiple shots|161|11||72
34|class1912_sm|0|Sophomore|tiff|Mike Meade, Alex Rogers|Old Arts, Forestry & Geology|Arts Building, Engineering Building|1912-01-01|Harvey Photo|12348|9880||||||0|0||72
35|class1913_sm|0|Sophomore|tiff|Mike Meade, Alex Rogers|Old Arts, Forestry & Geology|Arts Building, Engineering Building|1913-01-01|C. E. McLean|12121|8576||||||0|0||72
36|class1913_sp|0|Student Paper|tiff|Mike Meade, Alex Rogers|||1913-01-01||5864|4752|||||University Monthly Editorial Staff 1913-14|0|0||72
37|class1913|0|Class|tiff|Mike Meade, Alex Rogers|Old Arts, Forestry & Geology|Arts Building, Science Building|1913-01-01|Harvey's Studio|10418|7918|300||||      |38|0||72
38|class1914|0|Class|tiff|Mike Meade, Alex Rogers|Old Arts, Forestry & Geology|Arts Building, Science Building|1914-01-01|Harvey Photo|12329|9839|300||||imaged from a small reprint|29|0||72
39|class1914_1915_sm|0|Sophomore|tiff|Mike Meade, Alex Rogers|Old Arts, Forestry & Geology|Arts Building, Science Building|1914-01-01||13680|9040|||||1914-1915|0|0||72
40|class1914_15_troops|0|Troops|tiff|Mike Meade, Alex Rogers|||1914-01-01||12600|9920|||||1914-1915|0|0||72
41|class1915_sm|0|Sophomore|tiff|Mike Meade, Alex Rogers|Old Arts, Forestry & Geology|Arts Building, Science Building|1915-01-01|Harvey Photo|12009|9204|300|||||33|0||72
42|class1916_ec|0|Encaenia|tiff|Mike Meade, Alex Rogers|Old Arts, Forestry & Geology|Arts Building, Science Building|1916-01-01|Harvey Studio|11967|8073|300|||||90|13||72
43|class1916_sm|0|Sophomore|tiff|Mike Meade, Alex Rogers|Old Arts, Forestry & Geology|Arts Building, Science Building|1916-01-01|C. E. McLean|12080|9326|300|||||47|0||72
44|class1917_sm|0|Sophomore|tiff|Mike Meade, Alex Rogers|Old Arts, Forestry & Geology|University Main Building, Engineering Building, the Gymnasium|1917-01-01|The Harvey Photo Studio|9176|7376|300|26.8x21||||26|0||72
45|class1919|34|Class|tiff|Mike Meade, Alex Rogers|Old Arts|Arts Building|1919-01-01|Harvey Studio|9364|7611|300|27.1x21.2||||11|1||72
46|class1920_ec|0|Encaenia|tiff|Mike Meade, Alex Rogers|||1920-01-01|Conlon's Studio|12132|9943||||||0|10||72
47|class1920|35|Class|tiff|Mike Meade, Alex Rogers|Old Arts|Arts Building|1920-01-01|Harvey Studio|12296|9243|300|39.2x29.2||||31|1||72
48|class1921|62|Class|tiff|Mike Meade, Alex Rogers|Old Arts|Arts Building|1921-01-01|Harvey Studio|9672|7819|300|29.2x23.4||||16|1||72
49|class1922|36|Class|tiff|Mike Meade, Alex Rogers|Old Arts|Arts Building|1922-01-01|Harvey Studio|9995|8170|300|29.5x23.6||||26|1||72
50|class1923_debating|0|Club|tiff|Mike Meade, Alex Rogers|||1923-01-01|Harvey Studio|10119|8296|||||University of New Brunswick Ladies Debating Team|3|0||72
51|class1923|37|Class|tiff|Mike Meade, Alex Rogers|Old Arts|Arts Building|1923-01-01|Harvey Studio|9325|7489|300|27.5x21.4||||38|1||72
52|class1924|38|Class|tiff|Mike Meade, Alex Rogers|Old Arts|Arts Building|1924-01-01|Harvey Studios|12515|8669|300|38.7x25.1||||51|1||72
53|class1924_debating|0|Club|tiff|Mike Meade, Alex Rogers|||1924-01-01|Harvey Studio|9417|8166|||||University of New Brunswick Ladies Debating Team|3|0||72
54|class1924_ec|0|Encoenia|tiff|Mike Meade, Alex Rogers|||1924-01-01|Harvey Studios|14178|8212||||||0|11||72
55|class1924_sc|39|Student Council|tiff|Mike Meade, Alex Rogers|||1924-01-01|Harvey Studios|7941|6154|300|23.1x17.4||||0|0||72
56|class1925_debating|0|Club|tiff|Mike Meade, Alex Rogers|||1925-01-01|Harvey Studios|9462|8184|||||UNB Debating Team winners against Dalhousie|3|0||72
57|class1925_sc|0|Student Council|tiff|Mike Meade, Alex Rogers|||1925-01-01|The Harvey Studios|8656|7440||||||15|0||72
58|class1925|40|Class|tiff|Mike Meade, Alex Rogers|Old Arts|Arts Building|1925-01-01|Harvey Studio|9813|7818|300|32.7x26.1||||20|1||72
59|class1926_debating|0|Club|tiff|Mike Meade, Alex Rogers|||1926-01-01|Harvey Studio|8577|7441|||||UNB Intercollegiate Debating Teeam|3|0||72
60|class1926_sp|0|Student Paper|tiff|Mike Meade, Alex Rogers|||1926-01-01||8691|7451|||||1926 Brunswickan Staff|13|0||72
61|class1926|63|Class|tiff|Mike Meade, Alex Rogers|Old Arts|Arts Building|1926-01-01|The Harvey Studios|12316|9501|300|39.1x29.2||||23|1||72
62|class1927|41|Class|tiff|Mike Meade, Alex Rogers|Old Arts|Arts Building|1927-01-01|Harvey Studios|9653|7824|300|27.2x21.2||||29|1||72
63|class1927_28_sc|67|Student Council|tiff|Mike Meade, Alex Rogers|||1927-01-01|The Harvey Studios|8505|7014|300|25x20||||0|0||72
64|class1927_sp|0|Student Paper|tiff|Mike Meade, Alex Rogers|||1927-01-01||6252|4283|||||Brunswickan Staff|14|0||72
65|class1928_ec|0|Encoenia|tiff|Mike Meade, Alex Rogers|||1928-01-01|The Harvey Studios|12693|8496||||||0|13||72
66|class1928|42|Class|tiff|Mike Meade, Alex Rogers|Old Arts|Arts Building|1928-01-01|Harvey Studios|12270|9327|300|39.2x29.3||||37|1||72
67|class1929|0|Class|tiff|Mike Meade, Alex Rogers|Old Arts|Arts Building|1929-01-01|Harvey Studios|10710|8229|300|||||43|1||72
68|class1929_30_sc|45|Student Council|tiff|Mike Meade, Alex Rogers|||1929-01-01|Harvey Studios|9305|7408|300|27.2x21.6||||0|0||72
69|class1929_sc|44|Student Council|tiff|Mike Meade, Alex Rogers|||1929-01-01|Harvey Studios|9167|7309|300|27.3x21.4||||0|0||72
70|class1930|46|Class|tiff|Mike Meade, Alex Rogers|Old Arts|Arts Building|1930-01-01|The Harvey Studios|12505|9728|300|39.1x29.2||||69|1||72
71|class1930_31_sc|47|Student Council|tiff|Mike Meade, Alex Rogers|||1930-01-01|Harvey Studios|9287|7451|300|27.2x21.6||||0|0||72
72|class1930_COTC|0|Canadian Officers Training Corps|tiff|Mike Meade, Alex Rogers|||1930-01-01|Harvey Studio|8611|7456|||||UNB COTC and Inspecting Officers|0|0||72
73|class1933|49|Class|tiff|Mike Meade, Alex Rogers|Old Arts|Arts Building|1933-01-01|Harvey Studio|12425|9456|300|38.8x28.9||||0|0||72
74|class1933_ec|0|Encaenia|tiff|Mike Meade, Alex Rogers|||1933-01-01|Harvey Studio Photos|12506|8554|300|||||330|18||72
75|class1934_COTC|0|Canadian Officers Training Corps|tiff|Mike Meade, Alex Rogers|||1934-01-01||8260|6186|300||||COTC|0|0||72
76|class1934_presidents|0|Club|tiff|Mike Meade, Alex Rogers|Beaverbrook Residence|Beaverbrook Residence|1934-01-01|The Brunswickan|8181|11273|300||||Brunswickan article featuring the presidents of the various classes. |13|1|class1934_presidents_back|72
77|class1934_presidents_back|0|Reverse|tiff|Mike Meade, Alex Rogers|||1934-01-01|The Brunswickan|2748|6373|300||||Brunswickan article featuring the presidents of the various classes. |0|0|class1934_presidents|72
78|class1934|0|Class|tiff|Mike Meade, Alex Rogers|Old Arts|Arts Building|1934-01-01|Harvey Studio|11191|8570|300|||||83|1||72
79|class1935_af|0|Academic Faculty|tiff|Mike Meade, Alex Rogers|||1935-01-01||7648|6096|300|||||0|18||72
80|class1935_COTC|0|Canadian Officers Training Corps|tiff|Mike Meade, Alex Rogers|||1935-01-01||6250|4942|300||||COTC|0|0||72
81|class1935_forestry|0|Faculty|tiff|Mike Meade, Alex Rogers|||1935-01-01|Harvey Studio|5886|4425|300||||UNB Forestry Graduates|5|0||72
82|class1935|51|Class|tiff|Mike Meade, Alex Rogers|Old Arts|Arts Building|1935-01-01|Harvey Studio|12375|9408|300|39.4x29.6||||66|1||72
83|class1936|52|Class|tiff|Mike Meade, Alex Rogers|Old Arts|Arts Building|1936-01-01||12321|9455|300|38.9x29.2||||62|1||72
84|class1937|53|Class|tiff|Mike Meade, Alex Rogers|Old Arts|Arts Building|1937-01-01|Harvey Studio|12323|9174|300|38.8x27.9|||MF Baird and JD Palmer noted as absent|51|1||72
85|class1938_COTC|0|Canadian Officers Training Corps|tiff|Mike Meade, Alex Rogers|||1938-01-01||7144|5463|300||||University of New Brunswick Canadian Officers Training Corps 1938-39|0|0||72
86|class1938|54|Class|tiff|Mike Meade, Alex Rogers|Old Arts|Arts Building|1938-01-01|The Harvey Studio|12319|9338|300|38.7x29.1||||50|1||72
87|class1939|0|Class|tiff|Mike Meade, Alex Rogers|Old Arts Building|Arts Building|1939-01-01|The Harvey Studios|11360|8714|300|||||0|1||72
88|class1940|56|Class|tiff|Mike Meade, Alex Rogers|Old Arts|Arts Building|1940-01-01|The Harvey Studio|12318|9298|300|39x28.9|||Dr. CC Jones last year as UNB President|63|1||72
89|class1941|57|Class|tiff|Mike Meade, Alex Rogers|Old Arts|Arts Building|1941-01-01|The Harvey Studio|12379|9473|300|39x29.1|||NAM MacKenzie new UNB President|69|1||72
90|class1943|58|Class|tiff|Mike Meade, Alex Rogers|Old Arts|Arts Building|1943-01-01|Harvey Studio|12366|9477|300|38.9x29||||60|1||72
91|class1944|59|Class|tiff|Mike Meade, Alex Rogers|Old Arts|Arts Building|1944-01-01|The Harvey Studio|12462|9468|300|39.1x29|||Composition by R. Cardinal - 46, Last year of presidency for NAM MacKenzie|54|1||72
92|class1945|0|Class|tiff|Mike Meade, Alex Rogers|Old Arts|Arts Building|1945-01-01|The Harvey Studios|11262|8567|300||||Dr. Milton F Gregg becomes President|58|1||72
93|class1947_camera|0|Club|tiff|Mike Meade, Alex Rogers|||1947-01-01||4456|3213|||||Camera Club, 1947|3|1||72
94|class1947_law|0|Faculty|tiff|Mike Meade, Alex Rogers|||1947-01-01|Climo|9253|6736|||||University of New Brunswick Law School|10|3||72
95|class1948_debating|0|Club|tiff|Mike Meade, Alex Rogers|||1948-01-01||8752|7616|||||UNB Debating Team Maritime Intercollegiate Champions|6|0||72
96|class1949|0|Class|tiff|Mike Meade, Alex Rogers|Old Arts Building|Arts Building|1949-01-01||15710|11224|300||||stitched together from multiple shots|306|1||72
97|class1951|0|Class|tiff|Mike Meade, Alex Rogers|Old Arts Building|Arts Building|1951-01-01||10140|7662||||||0|1||72
98|class1952_COTC|0|Canadian Officers Training Corps|tiff|Mike Meade, Alex Rogers|||1952-01-01||8483|7593|||||UNB Contingent COTC 1952-53|0|0||72
99|class1953_COTC|0|Canadian Officers Training Corps|tiff|Mike Meade, Alex Rogers|||1953-01-01||8425|7601|||||UNB Contingent COTC 1953-54|0|0||72
100|class1954_COTC|0|Canadian Officers Training Corps|tiff|Mike Meade, Alex Rogers|||1954-01-01||9038|7792|||||UNB Contingent COTC 1954-55|0|0||72
101|class1956_COTC|0|Canadian Officers Training Corps|tiff|Mike Meade, Alex Rogers|||1956-01-01||11511|8871|||||UNB Contingent COTC 1956-57|0|0||72
102|class1958_sc|0|Student Council|tiff|Mike Meade, Alex Rogers|||1958-01-01||6151|5086|||||Summer School Student Council 1958|0|0|class1958_sc_back|72
104|class1961_COTC|0|Canadian Officers Training Corps|tiff|Mike Meade, Alex Rogers|||1961-01-01||11435|8704|||||UNB Contingent of Canadian Officers Training Corps 1961-1962|0|0||72
105|class1962_COTC_alt|0|Canadian Officers Training Corps|tiff|Mike Meade, Alex Rogers|||1962-01-01||11471|8870|||||UNB Contingent of Canadian Officers Training Corps 1962-1963|0|0||72
106|class1962_COTC|0|Canadian Officers Training Corps|tiff|Mike Meade, Alex Rogers|||1962-01-01||9238|8011|||||COTC|0|0||72
107|class1964_COTC|0|Canadian Officers Training Corps|tiff|Mike Meade, Alex Rogers|||1964-01-01||11431|8849|||||UNB Contingent COTC 1964|0|0||72
108|class1965_BA|0|Faculty|tiff|Mike Meade, Alex Rogers|||1965-01-01|The Harvey Studio|10107|8289|||||Business Administration|0|0||72
109|class1965_forestry|0|Faculty|tiff|Mike Meade, Alex Rogers|||1965-01-01|Stones Studio|8518|6911|||||Forestry|0|0||72
110|class1966_BA|0|Faculty|tiff|Mike Meade, Alex Rogers|||1966-01-01|The Harvey Studio|9251|7424|||||Business Administration|0|6||72
111|class1966_cv|0|Convocation|tiff|Mike Meade, Alex Rogers|||1966-01-01||10182|7696|||||UNB Convocation October 1966|0|0||72
112|class1966_sc|0|Student Council|tiff|Mike Meade, Alex Rogers|||1966-01-01|Harvey Studios|5001|6212|||||SRC Executive Officers for 1966-67|0|0|class1966_sc_back|72
114|class1967_BA|0|Faculty|tiff|Mike Meade, Alex Rogers|||1967-01-01|The Harvey Studio|8960|7199|||||Business Administration|0|0||72
115|class1967_ec|0|Encaenia|tiff|Mike Meade, Alex Rogers|||1967-01-01||10102|7616|||||138th UNB Encaenia |0|0||72
116|class1969_engineering|0|Faculty|tiff|Mike Meade, Alex Rogers|||1969-01-01||8502|6708|||||Civil Engineering|0|14||72
117|class1970_nursing|0|Faculty|tiff|Mike Meade, Alex Rogers|||1970-01-01|The Harvey Studio|8899|7200|||||Nursing|0|1||72
118|class1971_BA|0|Faculty|tiff|Mike Meade, Alex Rogers|||1971-01-01|Harvey Studios|11611|9536|||||Business Administration|0|9||72
119|class1971_nursing|0|Faculty|tiff|Mike Meade, Alex Rogers|||1971-01-01||8615|7147|||||Nursing|0|1||72
120|class1971_PE|0|Faculty|tiff|Mike Meade, Alex Rogers|||1971-01-01|Harvey Studios|8491|6719|||||Physical Education|0|11||72
121|class1971_sc|0|Student Council|tiff|Mike Meade, Alex Rogers|||1971-01-01||6211|4950|||||1971 Summer SRC|0|0|class1971_sc_back|72
123|class_unknown_COTC|0|Canadian Officers Training Corps|tiff|Mike Meade, Alex Rogers|||1965-01-01|Joe Stone|9089|7833|||||Circa 1965|0|0||72
124|class_unknown|0|Class|tiff|Mike Meade, Alex Rogers|||1890-01-01||8173|6396|||||Circa 1895|0|0||72
125|class_unknown2|0|Class|tiff|Mike Meade, Alex Rogers|||1896-01-01||12600|9977|||||Circa 1896|0|0||72
126|unbpres|0|Misc|tiff|Mike Meade, Alex Rogers|||0000-00-00||10053|4784|||||Former Presidents of the University of New Brunswick  1811-1892|0|0||72
127|SirJamesDunn_scholars|0|Misc|tiff|Mike Meade, Alex Rogers|||0000-00-00||6172|5001|||||Winners of the Sir James Dunn Scholarship in Geology|0|0|SirJamesDunn_scholars_info|72
128|SirJamesDunn_scholars_info|0|Reverse|tiff|Mike Meade, Alex Rogers|||0000-00-00||||||||News Release|0|0|SirJamesDunn_scholars|72
129|class1909_ALDysart|0|Single|tiff|Mike Meade, Alex Rogers|||1909-01-01||4817|6980|||||Arthur L Dysart|0|0||72
130|class1909_ATCushing|0|Single|tiff|Mike Meade, Alex Rogers|||1909-01-01||4863|6917|||||Allston Tattrie Cushing|0|0||72
131|class1909_BWWelling|0|Single|tiff|Mike Meade, Alex Rogers|||1909-01-01||4777|6739|||||Beatrice Winifred Welling|0|0||72
132|class1909_CMHoar|0|Single|tiff|Mike Meade, Alex Rogers|||1909-01-01||4835|6878|||||Charles M Hoar|0|0||72
133|class1909_CTClark|0|Single|tiff|Mike Meade, Alex Rogers|||1909-01-01||4860|6878|||||Clifford Todd clark|0|0||72
134|class1909_CTFlanagan|0|Single|tiff|Mike Meade, Alex Rogers|||1909-01-01||4762|6836|||||Clairence Theresa Flanagan (Mrs Joseph C Dever)|0|0||72
135|class1909_EHCoy|0|Single|tiff|Mike Meade, Alex Rogers|||1909-01-01||4775|6838|||||Ernest Havelock Coy|0|0||72
136|class1909_FLOrchard|0|Single|tiff|Mike Meade, Alex Rogers|||1909-01-01||4796|6971|||||Frank Leslie Orchard|0|0||72
137|class1909_GHFleming|0|Single|tiff|Mike Meade, Alex Rogers|||1909-01-01||4777|6756|||||Grace H Fleming|0|0||72
138|class1909_LLSmith|0|Single|tiff|Mike Meade, Alex Rogers|||1909-01-01||4704|6765|||||Lillian Lucretia Smith|0|0||72
139|class1909_LLTheriault|0|Single|tiff|Mike Meade, Alex Rogers|||1909-01-01||4890|6908|||||L Leon Theriault|0|0||72
140|class1909_LMcKnight|0|Single|tiff|Mike Meade, Alex Rogers|||1909-01-01||4855|6999|||||Locksley McKnight|0|0||72
141|class1909_MKSmith|0|Single|tiff|Mike Meade, Alex Rogers|||1909-01-01||4706|6823|||||Maud K Smith (Mrs Stuart McNaughton Close)|0|0||72
142|class1909_MLElliott|0|Single|tiff|Mike Meade, Alex Rogers|||1909-01-01||4755|6778|||||Mary Lillian Elliott (Mrs Harry S Day)|0|0||72
143|class1909_NSFraser|0|Single|tiff|Mike Meade, Alex Rogers|||1909-01-01||4816|6863|||||Norman S Fraser|0|0||72
144|class1909_OHStothart|0|Single|tiff|Mike Meade, Alex Rogers|||1909-01-01||4731|6752|||||Olive H Stothart (Mrs Clayton Pincock)|0|0||72
145|class1909_VBrown|0|Single|tiff|Mike Meade, Alex Rogers|||1909-01-01||4798|6868|||||Verna Brown|0|0||72
146|class1909_WGFirth|0|Single|tiff|Mike Meade, Alex Rogers|||1909-01-01||4952|7013|||||William Gordon firth|0|0||72
147|[patterson]|0|Single|tiff|Mike Meade, Alex Rogers|||0000-00-00||||||||[Patterson]|0|0||72
148|class1915_JDaley|0|Single|tiff|Mike Meade, Alex Rogers|||1915-01-01||||||||Joseph Daley|0|0||72
149|class1907_AVParks|0|Single|tiff|Mike Meade, Alex Rogers|||1907-01-01||||||||Annie Victoria Parks|0|0||72
150|class1907_EMMcCracken|0|Single|tiff|Mike Meade, Alex Rogers|||1907-01-01||||||||Eva M McCracken|0|0||72
151|class1907_FAJewett|0|Single|tiff|Mike Meade, Alex Rogers|||1907-01-01||||||||Frederick  Arnold Jewett|0|0||72
152|class1907_GAHDysart|0|Single|tiff|Mike Meade, Alex Rogers|||1907-01-01||||||||GA Harrison Dysart|0|0||72
153|class1907_HACarr|0|Single|tiff|Mike Meade, Alex Rogers|||1907-01-01||||||||Hugh Allan Carr|0|0||72
154|class1907_HEHayward|0|Single|tiff|Mike Meade, Alex Rogers|||1907-01-01||||||||Henry Edgar Hayward|0|0||72
155|class1907_HESutherland|0|Single|tiff|Mike Meade, Alex Rogers|||1907-01-01||||||||Harry E Sutherland|0|0||72
156|class1907_HPMoulton|0|Single|tiff|Mike Meade, Alex Rogers|||1907-01-01||||||||Hazen Parker Moulton|0|0||72
157|class1907_HSDay|0|Single|tiff|Mike Meade, Alex Rogers|||1907-01-01||||||||Harry S Day|0|0||72
158|class1907_JPWood|0|Single|tiff|Mike Meade, Alex Rogers|||1907-01-01||||||||Joseph P Wood|0|0||72
159|class1907_KADunphy|0|Single|tiff|Mike Meade, Alex Rogers|||1907-01-01||||||||Kenneth Andrew Dunphy|0|0||72
160|class1907_MLOrchard|0|Single|tiff|Mike Meade, Alex Rogers|||1907-01-01||||||||Malcolm L Orchard|0|0||72
161|class1907_WCGillis|0|Single|tiff|Mike Meade, Alex Rogers|||1907-01-01||||||||Walter Cunard Gillis|0|0||72
162|class1907_WCMachum|0|Single|tiff|Mike Meade, Alex Rogers|||1907-01-01||||||||Waldo C Machum|0|0||72
163|class1907_WWoods|0|Single|tiff|Mike Meade, Alex Rogers|||1907-01-01||||||||William Woods|0|0||72
164|class1908_WMMatthews|0|Single|tiff|Mike Meade, Alex Rogers|||1908-01-01||||||||Walter McNeill Matthews|0|0||72
165|class1910_EVVanWart|0|Single|tiff|Mike Meade, Alex Rogers|||1910-01-01||||||||Elsie Vera VanWart|0|0||72
167|class1910_MMBelyea|0|Single|tiff|Mike Meade, Alex Rogers|||1910-01-01||||||||Margaret Mary Belyea|0|0||72
168|class1911_CPSteeves|0|Single|tiff|Mike Meade, Alex Rogers|||1911-01-01||||||||C Perley Steeves |0|0||72
169|class1911_GARyan|0|Single|tiff|Mike Meade, Alex Rogers|||1911-01-01||||||||Georgie Alberta Ryan|0|0||72
170|class1911_GSGrimmer|0|Single|tiff|Mike Meade, Alex Rogers|||1911-01-01||||||||George Skiffington Grimmer|0|0||72
171|class1911_HGDeedes|0|Single|tiff|Mike Meade, Alex Rogers|||1911-01-01||||||||Henry Grenville Deedes|0|0||72
172|class1911_IFAThomas|0|Single|tiff|Mike Meade, Alex Rogers|||1911-01-01||||||||Isabel FA Thomas|0|0||72
173|class1911_JBPalmer|0|Single|tiff|Mike Meade, Alex Rogers|||1911-01-01||||||||James Brideson Palmer|0|0||72
174|class1911_MLCorbett|0|Single|tiff|Mike Meade, Alex Rogers|||1911-01-01||||||||M Lillian Corbett|0|0||72
175|class1911_MWJennings|0|Single|tiff|Mike Meade, Alex Rogers|||1911-01-01||||||||Michael Wallace Jennings|0|0||72
176|class1911_PPFox|0|Single|tiff|Mike Meade, Alex Rogers|||1911-01-01||||||||Pauline Porter Fox|0|0||72
177|class1911_RBClark|0|Single|tiff|Mike Meade, Alex Rogers|||1911-01-01||||||||Ralph Bradford Clark|0|0||72
178|class1911_REEverett|0|Single|tiff|Mike Meade, Alex Rogers|||1911-01-01||||||||Ruth Elizabeth Everett|0|0||72
179|class1911_WHHoyt|0|Single|tiff|Mike Meade, Alex Rogers|||1911-01-01||||||||William Handford Hoyt|0|0||72
180|class1911_ZVHallet|0|Single|tiff|Mike Meade, Alex Rogers|||1911-01-01||||||||Zula V Hallet|0|0||72
181|class1912_GLAiton|0|Single|tiff|Mike Meade, Alex Rogers|||1912-01-01||||||||Grace Lydia Aiton|0|0||72
182|class1912_GMRobinson|0|Single|tiff|Mike Meade, Alex Rogers|||1912-01-01||||||||Greta M Robinson|0|0||72
183|class1912_JTHebert|0|Single|tiff|Mike Meade, Alex Rogers|||1912-01-01||||||||Joseph Thadee Herbert|0|0||72
184|class1912_JWCurrie|0|Single|tiff|Mike Meade, Alex Rogers|||1912-01-01||||||||Jessie W Currie|0|0||72
185|class1912_WPLoggie|0|Single|tiff|Mike Meade, Alex Rogers|||1912-01-01||||||||Warren Peter Loggie|0|0||72
186|class1913_HLVanWart|0|Single|tiff|Mike Meade, Alex Rogers|||1913-01-01||||||||Helen L VanWart|0|0||72
187|class1913_HPLingley|0|Single|tiff|Mike Meade, Alex Rogers|||1913-01-01||||||||Hazel Penelope Lingly|0|0||72
188|class1913_ILMacKnight|0|Single|tiff|Mike Meade, Alex Rogers|||1913-01-01||||||||Ina L MacKnight|0|0||72
189|class1914_FWWeir|0|Single|tiff|Mike Meade, Alex Rogers|||1914-01-01||||||||Freda Weir|0|0||72
190|class1915_APMurphy|0|Single|tiff|Mike Meade, Alex Rogers|||1915-01-01||||||||Aubrey P Murphy|0|0||72
191|class1915_ARStiles|0|Single|tiff|Mike Meade, Alex Rogers|||1915-01-01||||||||Alonzo Roland Stiles|0|0||72
192|class1915_AVEverett|0|Single|tiff|Mike Meade, Alex Rogers|||1915-01-01||||||||Archie Vernon Everett|0|0||72
193|class1915_ECAtkinson|0|Single|tiff|Mike Meade, Alex Rogers|||1915-01-01||||||||Ewart Clair Atkinson|0|0||72
194|class1915_EDOulton|0|Single|tiff|Mike Meade, Alex Rogers|||1915-01-01||||||||Earl Douglas Oulton|0|0||72
195|class1915_EJOwens|0|Single|tiff|Mike Meade, Alex Rogers|||1915-01-01||||||||Edward James Owens|0|0||72
196|class1915_FJMacGibbon|0|Single|tiff|Mike Meade, Alex Rogers|||1915-01-01||||||||Frank Jasper MacGibbon|0|0||72
197|class1915_FRoss|0|Single|tiff|Mike Meade, Alex Rogers|||1915-01-01||||||||Frederick Ross|0|0||72
198|class1915_GBMFraser|0|Single|tiff|Mike Meade, Alex Rogers|||1915-01-01||||||||GB MacDonnel Fraser|0|0||72
199|class1915_GJMarr|0|Single|tiff|Mike Meade, Alex Rogers|||1915-01-01||||||||George Jack Marr|0|0||72
200|class1915_HADeVeber|0|Single|tiff|Mike Meade, Alex Rogers|||1915-01-01||||||||Herbert Alleyne DeVeber|0|0||72
201|class1915_HLHolman|0|Single|tiff|Mike Meade, Alex Rogers|||1915-01-01||||||||Harry Ludlow Holman|0|0||72
202|class1915_JBHipwell|0|Single|tiff|Mike Meade, Alex Rogers|||1915-01-01||||||||John Basil Hipwell|0|0||72
203|class1915_JGBPugh|0|Single|tiff|Mike Meade, Alex Rogers|||1915-01-01||||||||James G Blaine Pugh|0|0||72
204|class1915_LJLockary|0|Single|tiff|Mike Meade, Alex Rogers|||1915-01-01||||||||Louis J Lockary|0|0||72
205|class1915_MAdams|0|Single|tiff|Mike Meade, Alex Rogers|||1915-01-01||||||||Marguerite Adams|0|0||72
206|class1915_TJGorman|0|Single|tiff|Mike Meade, Alex Rogers|||1915-01-01||||||||Thomas James Gorman|0|0||72
207|class1915_TWWebb|0|Single|tiff|Mike Meade, Alex Rogers|||1915-01-01||||||||Tyler Wellington Webb|0|0||72
208|class1915_WAMersereau|0|Single|tiff|Mike Meade, Alex Rogers|||1915-01-01||||||||William Arnold Mersereau|0|0||72
209|class1915_WJLawson|0|Single|tiff|Mike Meade, Alex Rogers|||1915-01-01||||||||William J Lawson|0|0||72
210|class1915_WMHickman|0|Single|tiff|Mike Meade, Alex Rogers|||1915-01-01||||||||William Marshall Hickman|0|0||72
211|class1913_sm_CSAlexander|0|Single|tiff|Mike Meade, Alex Rogers|||1916-01-01||||||||Chester Stephen Alexander|0|0||72
212|class1917_EHTownsend|0|Single|tiff|Mike Meade, Alex Rogers|||1917-01-01||||||||Eleanor Harriat Townsend|0|0||72
213|class1917_SDNicholson|0|Single|tiff|Mike Meade, Alex Rogers|||1917-01-01||||||||Sarah Dorothy Nicholson|0|0||72
214|Janet_Hallet|0|Single|tiff|Mike Meade, Alex Rogers|||0000-00-00||||||||Janet Hallet|0|0||72
215|class1914_LAGilbert|PR_4965|Single|tiff|Mike Meade, Alex Rogers|||1914-01-01|0|0|0|0|0| | |Lemuel Allen Gilbert|0|0||72
216|class1915_PRCrandall|PR_4958|Single|tiff|Mike Meade, Alex Rogers|||1915-01-01|C Randall|0|0|0|0| | |Percy Robert Crandall|0|0||72
217|class1915_WVCreaghan|PR_4960|Single|tiff|Mike Meade, Alex Rogers|||1915-01-01|CE McLean|0|0|0|0| | |William Vincent Creaghan|0|0||72
218|class1916_ABGilbert|PR_4964|Single|tiff|Mike Meade, Alex Rogers|||1916-01-01|Harvey Studio|0|0|0|0| | |Adrian Bradford Gilbert|0|0||72
219|class1916_CLEmerson|PR_4962|Single|tiff|Mike Meade, Alex Rogers|||1916-01-01|Harvey Studio|0|0|0|0| | |Charles Leonard Emerson|0|0||72
220|class1916_FCCronkite|PR_4961|Single|tiff|Mike Meade, Alex Rogers|||1916-01-01|Harvey Studio|0|0|0|0| | |Fred Clinton Cronkite|0|0||72
221|class1916_MMBaird|PR_4956|Single|tiff|Mike Meade, Alex Rogers|||1916-01-01|Harvey Studio|0|0|0|0| | |Murray McCheyne Baird|0|0||72
222|class1917_DBGreene|PR_4967|Single|tiff|Mike Meade, Alex Rogers|||1917-01-01|Harvey Studio|0|0|0|0| | |Dorothy Blanche Greene|0|0||72
223|class1917_HGGregory|PR_4968|Single|tiff|Mike Meade, Alex Rogers|||1917-01-01|Harvey Studio|0|0|0|0| | |H Gladys Gregory|0|0||72
224|class1917_ISBliss|PR_4957|Single|tiff|Mike Meade, Alex Rogers|||1917-01-01|0|0|0|0|0| | |Isabel St. John Bliss|0|0||72
225|class1917_JGorman|PR_4966|Single|tiff|Mike Meade, Alex Rogers|||1917-01-01|Harvey Studio|0|0|0|0| | |Jean Margaret Gorman|0|0||72
226|class1917_JRFraser|PR_4963|Single|tiff|Mike Meade, Alex Rogers|||1917-01-01|Harvey Studio|0|0|0|0| | |James Raymond Fraser|0|0||72
227|class1917_WAHaines|PR_4969|Single|tiff|Mike Meade, Alex Rogers|||1917-01-01|Harvey Studio|0|0|0|0| | |Whitman Alfred Haines|0|0||72
228|class1917_WVCreaghan|PR_4959|Single|tiff|Mike Meade, Alex Rogers|||1917-01-01|Harvey Studio|0|0|0|0| | |William Vincent Creaghan|0|0||72
229|class1908_GPRigby|PR_5004|Single|tiff|Mike Meade, Alex Rogers|||1908-01-01|Harvey Studio|0|0|0|0| | |George Percy Rigby|0|0||72
230|class1910_AJBrooks|PR_4995|Single|tiff|Mike Meade, Alex Rogers|||1910-01-01|Harvey Studio|0|0|0|0| | |Alfred Johnson Brooks|0|0||72
231|class1910_ESRenault|PR_5003|Single|tiff|Mike Meade, Alex Rogers|||1910-01-01|Harvey Studio|0|0|0|0| | |E Sylvio Renault|0|0||72
232|class1910_FHTingley|PR_4988|Single|tiff|Mike Meade, Alex Rogers|||1910-01-01|Harvey Studio|0|0|0|0| | |Frank Harvey Tingley|0|0||72
233|class1910_JFGraham|unprocessed|Single|tiff|Mike Meade, Alex Rogers|||1910-01-01|Harvey Studio|0|0|0|0| | |James Fred Graham|0|0||72
234|class1910_GFBaird|PR_5001|Single|tiff|Mike Meade, Alex Rogers|||1910-01-01|Harvey Studio|0|0|0|0| | |George Frederick Baird|0|0||72
235|class1910_GHPatterson|PR_4990|Single|tiff|Mike Meade, Alex Rogers|||1910-01-01|Harvey Studio|0|0|0|0| | |George Harold Patterson|0|0||72
236|class1910_GNBelyea|PR_5002|Single|tiff|Mike Meade, Alex Rogers|||1910-01-01|Harvey Studio|0|0|0|0| | |George Nelson Belyea|0|0||72
237|class1910_GSGrimmer|PR_5000|Single|tiff|Mike Meade, Alex Rogers|||1910-01-01|Harvey Studio|0|0|0|0| | |George Skiffington Grimmer|0|0||72
239|class1910_ICSSpicer|PR_4999|Single|tiff|Mike Meade, Alex Rogers|||1910-01-01|Harvey Studio|0|0|0|0| | |Isaac C S Spicer|0|0||72
240|class1910_JBAlexander|PR_4993|Single|tiff|Mike Meade, Alex Rogers|||1910-01-01|Harvey Studio|0|0|0|0| | |John B Alexander|0|0||72
241|class1910_JCDever|unprocessed|Single|tiff|Mike Meade, Alex Rogers|||1910-01-01|Harvey Studio|0|0|0|0| | |Joseph C Dever|0|0||72
242|class1910_JLFeeney|PR_4987|Single|tiff|Mike Meade, Alex Rogers|||1910-01-01|Harvey Studio|0|0|0|0| | |John Louis Feeney|0|0||72
243|class1910_JMDuguay|PR_5006|Single|tiff|Mike Meade, Alex Rogers|||1910-01-01|Harvey Studio|0|0|0|0| | |Joseph M Duguay|0|0||72
244|class1910_JWCurry|PR_4989|Single|tiff|Mike Meade, Alex Rogers|||1910-01-01|Harvey Studio|0|0|0|0| | |John William Curry|0|0||72
245|class1910_NECook|PR_4986|Single|tiff|Mike Meade, Alex Rogers|||1910-01-01|Harvey Studio|0|0|0|0| | |Norman E Cook|0|0||72
246|class1910_PZCaverhill|PR_4991|Single|tiff|Mike Meade, Alex Rogers|||1910-01-01|Harvey Studio|0|0|0|0| | |Peter Zachariah Caverhill|0|0||72
247|class1910_JWEstey|Pr_4994|Single|tiff|Mike Meade, Alex Rogers|||1910-01-01|Harvey Studio|0|0|0|0| | |James Wilfred Estey|0|0||72
248|class1886_WCMurray|unprocessed|Single|tiff|Mike Meade, Alex Rogers|||1886-01-01|0|0|0|0|0| | |Walter Charles Murray|0|0||72
249|class1906_CCJones|unprocessed|Single|tiff|Mike Meade, Alex Rogers|||1906-01-01|0|0|0|0|0| | |Cecil Charles Jones|0|0||72
250|class1910_AJLandry|unprocessed|Single|tiff|Mike Meade, Alex Rogers|||1910-01-01|Harvey Studio|0|0|0|0| | |Allain Joseph Landry|0|0||72
251|class1910_GPBurchill|unprocessed|Single|tiff|Mike Meade, Alex Rogers|||1910-01-01|Harvey Studio|0|0|0|0| | |George Percival Burchill|0|0||72
252|class1910_HEMcKeen|PR_4998|Single|tiff|Mike Meade, Alex Rogers|||1910-01-01|Harvey Studio|0|0|0|0| | |Henry Eugene McKeen|0|0||72
253|class1910_JTGibson|unprocessed|Single|tiff|Mike Meade, Alex Rogers|||1910-01-01|Harvey Studio|0|0|0|0| | |John Thomas Gibson|0|0||72
254|class1910_MRCSmith|unprocessed|Single|tiff|Mike Meade, Alex Rogers|||1910-01-01|Harvey Studio|0|0|0|0| | |Melbourne R C Smith|0|0||72
255|class1910_RFArmstrong|PR_4992|Single|tiff|Mike Meade, Alex Rogers|||1910-01-01|Harvey Studio|0|0|0|0| | |Roy Fraser Armstrong|0|0||72
256|class1913_DGWillet|PR_4985|Single|tiff|Mike Meade, Alex Rogers|||1913-01-01|"Climo, St John"|0|0|0|0| | |David Gordon Willet|0|0||72
257|class1915_CRSmith|PR_4979|Single|tiff|Mike Meade, Alex Rogers|||1915-01-01|CE McLean|0|0|0|0| | |Charles Ross Smith|0|0||72
258|class1916_CHJones|PR_4971|Single|tiff|Mike Meade, Alex Rogers|||1916-01-01|Harvey Studio|0|0|0|0| | |Colby Hibbert Jones|0|0||72
259|class1917_AFVanWart|PR_4983|Single|tiff|Mike Meade, Alex Rogers|||1917-01-01|Harvey Studio|0|0|0|0| | |Arthur Fenwick VanWart|0|0||72
260|class1917_CRSmith|PR_4978|Single|tiff|Mike Meade, Alex Rogers|||1917-01-01|Harvey Studio|0|0|0|0| | |Charles Ross Smith|0|0||72
261|class1917_EHSTownsend|PR_4982|Single|tiff|Mike Meade, Alex Rogers|||1917-01-01|Harvey Studio|0|0|0|0| | |Eleanor Harriat Salome Townsend|0|0||72
262|class1917_EWThurrott|PR_4981|Single|tiff|Mike Meade, Alex Rogers|||1917-01-01|0|0|0|0|0| | |Ella Winifred Thurrott|0|0||72
263|class1917_GLMiller|PR_4974|Single|tiff|Mike Meade, Alex Rogers|||1917-01-01|Harvey Studio|0|0|0|0| | |George Lee Miller|0|0||72
264|class1917_HCMoore|PR_4975|Single|tiff|Mike Meade, Alex Rogers|||1917-01-01|Harvey Studio|0|0|0|0| | |Harry Clifton Moore|0|0||72
265|class1917_MESmith|PR_4980|Single|tiff|Mike Meade, Alex Rogers|||1917-01-01|Harvey Studio|0|0|0|0| | |Maurice Edward Smith|0|0||72
266|class1918_JFMcIntosh|PR_4973|Single|tiff|Mike Meade, Alex Rogers|||1918-01-01|Harvey Studio|0|0|0|0| | |John Forbes McIntosh|0|0||72
267|class1946_UNB_Biologists|unprocessed|Class|tiff|Mike Meade, Alex Rogers|||1946-01-01|Harvey Studio|0|0|0|0| | |Biology|0|0||72
268|class1946_UNB_Civil_Engineering|unprocessed|Class|tiff|Mike Meade, Alex Rogers|||1946-01-01|0|0|0|0|0| | |Engineering|0|0||72
269|class1907_UNB_Northfield_Delegation|UAPC-16_4021|Class|tiff|Mike Meade, Alex Rogers|||1907-01-01|0|0|0|0|0| | |Northfield Delegation|0|0||72
270|class1905_4109|UAPC-16_4109|Class|tiff|Mike Meade, Alex Rogers|||1905-01-01|CE McLean|0|0|0|0| | | |0|0||72
271|class1957_DramaSociety_4096|UAPC-16_4096|Club|tiff|Mike Meade, Alex Rogers|||1957-01-01|Canadian National Railways|0|0|0|0| | |Drama Society|0|0||72
272|class1975_AdministrativeBoard_4099|UAPC-16_4099|Board|tiff|Mike Meade, Alex Rogers|||1975-01-01|0|0|0|0|0| | |Administrative|0|0||72
273|class1954_SirJamesDunnScholars_4023|UAPC-16_4023|Class|tiff|Mike Meade, Alex Rogers|||1954-01-01|0|0|0|0|0| | |Sir James Dunn Scholars|0|0||72
274|class1954_DramaSociety_4024|UAPC-16_4024|Club|tiff|Mike Meade, Alex Rogers|||1954-01-01|0|0|0|0|0| | |Drama Society|0|0||72
275|class1955_Life_Executives_4026|UAPC-16_4026|Class|tiff|Mike Meade, Alex Rogers|||1955-01-01|0|0|0|0|0| | |Life Executives|0|0||72
276|class1968_English_4031|UAPC-16_4031|Class|tiff|Mike Meade, Alex Rogers|||1968-01-01|0|0|0|0|0| | |English|0|0||72
277|class1965_DramaSociety_4042|UAPC-16_4042|Club|tiff|Mike Meade, Alex Rogers|||1965-01-01|Harvey Studio|0|0|0|0| | |Drama Society|0|0||72
278|class1961_ConferenceDirectorsResidence_4077|UAPC-16_4077|Board|tiff|Mike Meade, Alex Rogers|||1961-01-01|Harvey Studio|0|0|0|0| | |Conference Directors Residence|0|0||72
279|class1970_BusAdmin_4067|UAPC-16_4067|Faculty|tiff|Mike Meade, Alex Rogers|||1970-01-01|Stones Studio|0|0|0|0| | |Business Administration|0|0||72
280|classND_EngineeringStudents_4066|UAPC-16_4066|Class|tiff|Mike Meade, Alex Rogers|||1962-01-01|0|0|0|0|0| | |Engineering|0|0||72
281|class1965_ScholarshipsGeology_4030|UAPC-16_4030|Faculty|tiff|Mike Meade, Alex Rogers|||1965-01-01|Harvey Studio|0|0|0|0| | |Geology Scholarships|0|0||72
282|class1954_ChemistryClass_4022|UAPC-16_4022|Class|tiff|Mike Meade, Alex Rogers|||1954-01-01|0|0|0|0|0| | |Chemistry|0|0||72
283|class1945_HistoryClass_4014|UAPC-16_4014|Class|tiff|Mike Meade, Alex Rogers|||1945-01-01|0|0|0|0|0| | |History|0|0||72
284|class1896_4002|UAPC-16_4002|Class|tiff|Mike Meade, Alex Rogers|||1896-01-01|0|0|0|0|0| | | |0|0||72
285|class1926_ForestryStudents_4101|UAPC-16_4101|Class|tiff|Mike Meade, Alex Rogers|||1926-01-01|0|0|0|0|0| | |Forestry|0|0||72
286|class1900_4110|UAPC-16_4110|Class|tiff|Mike Meade, Alex Rogers|||1900-01-01|Ira J Brown|0|0|0|0| | | |0|0||72
287|class1947_4095|UAPC-16_4095|Club|tiff|Mike Meade, Alex Rogers|||1947-01-01|0|0|0|0|0| | |[CFNB]|0|0||72
288|class1963_DramaSociety_4040|UAPC-16_4040|Club|tiff|Mike Meade, Alex Rogers|||1963-01-01|Harvey Studio|0|0|0|0| | |Drama Society|0|0||72
289|BrunsAug1923vol42_Debating_Team|Brunswickan August 1923 vol 42|Club|tiff|Mike Meade, Alex Rogers|||1923-01-01|0|0|0|0|0| | |Debating Team|0|0||72
290|BrunsAug1923vol42_Editorial_Staff_of_the_Brunswickan|0|Student Paper|tiff|Mike Meade, Alex Rogers|||1923-01-01|0|0|0|0|0| | | |0|0||72
291|BrunsAug1923vol42_Members_of_the_First_Students_Council|0|Council|tiff|Mike Meade, Alex Rogers|||1923-01-01|0|0|0|0|0| | | |0|0||72
292|BrunsMay1926vol45_Debating_Team|Brunswickan May 1926 vol 45|Club|tiff|Mike Meade, Alex Rogers|||1926-01-01|0|0|0|0|0| | |Debating Team|0|0||72
293|BrunsMay1926vol45_Intercollegiate_Debating_Team|Brunswickan May 1926 vol 45|Club|tiff|Mike Meade, Alex Rogers|||1926-01-01|0|0|0|0|0| | |Intercollegiate Debating Team|0|0||72
294|BrunsMay1928vol47_Debating_Team|Brunswickan May 1928 vol 47|Club|tiff|Mike Meade, Alex Rogers|||1928-01-01|0|0|0|0|0| | |Debating Team|0|0||72
295|BrunsMay1928vol47_Ladies_Debating_Team|Brunswickan May 1928 vol 47|Club|tiff|Mike Meade, Alex Rogers|||1928-01-01|0|0|0|0|0| | |Ladies Debating Team|0|0||72
296|BrunsMay1925vol44_Staff_of_the_Brunswickan|Brunswickan May 1925 vol 44|Student Paper|tiff|Mike Meade, Alex Rogers|||1925-01-01|0|0|0|0|0| | |Brunswickan Staff|0|0||72
297|BrunsMay1931vol50_Staff_of_the_Brunswickan|Brunswickan May 1931 vol 50|Student Paper|tiff|Mike Meade, Alex Rogers|||1931-01-01|0|0|0|0|0| | |Brunswickan Staff|0|0||72
298|Reflect1958_1983_Class_of_1963|Reflections 1958-1983|Faculty|tiff|Mike Meade, Alex Rogers|||1963-01-01|0|0|0|0|0| | |First Class of Nursing Graduates|0|0||72
299|UMonApril_May1909vol28_College_Play|University Monthly April_May 1909 vol 28|Club|tiff|Mike Meade, Alex Rogers|||1909-01-01|0|0|0|0|0| | |College Play|0|0||72
300|UMonApril_May1909vol28_Mock_Parliament|University Monthly April_May 1909 vol 28|Club|tiff|Mike Meade, Alex Rogers|||1909-01-01|0|0|0|0|0| | |Mock Parliament|0|0||72
301|UMonDec1910vol30_Junior_Debating_Team|University Monthly December 1910 vol 30|Club|tiff|Mike Meade, Alex Rogers|||1910-01-01|0|0|0|0|0| | |Junior Debating Team|0|0||72
302|UMonFeb1914vol33_YMCACabinet|University Monthly February 1914 vol 33|Club|tiff|Mike Meade, Alex Rogers|||1914-01-01|0|0|0|0|0| | |Y.M.C.A|0|0||72
303|UMonJan1915vol34_Editorial_Staff|University Monthly January 1915 vol 34|Student Paper|tiff|Mike Meade, Alex Rogers|||1915-01-01|0|0|0|0|0| | |Brunswickan Editorial Staff|0|0||72
304|UMonJan_Feb1911vol30_Fourth_Rhodes_Scholar|University Monthly January-February 1911 vol 30|Single|tiff|Mike Meade, Alex Rogers|||1911-01-01|0|0|0|0|0| | |John Babbitt McNair, Fourth Rhodes Scholar|0|0||72
305|UMonJan_Feb1911vol30_Mr_Mrs_RevAHBarker|University Monthly January-February 1911 vol 30|Single|tiff|Mike Meade, Alex Rogers|||1911-01-01|0|0|0|0|0| | |Mr. and Mrs. Rev A H Barker|0|0||72
306|UMonJan_Feb1911vol30_University_Monthly_Editors|0|Student Paper|tiff|Mike Meade, Alex Rogers|||1911-01-01|0|0|0|0|0| | | |0|0||72
307|UMonJune1911vol30_Debating_Team|University Monthly January-February 1911 vol 30|Club|tiff|Mike Meade, Alex Rogers|||1911-01-01|0|0|0|0|0| | |Debating Team|0|0||72
308|UMonJune1913vol32_Debating_Team|University Monthly June 1913 vol 32|Club|tiff|Mike Meade, Alex Rogers|||1913-01-01|0|0|0|0|0| | |Debating Team|0|0||72
309|UMonMarch1911vol30_Dramatic_Club|University Monthly March 1911 vol 30|Club|tiff|Mike Meade, Alex Rogers|||1911-01-01|0|0|0|0|0| | |Dramatic Club|0|0||72
310|UMonMay1914vol33_Debating_Team|University Monthly May 1914 vol 33|Club|tiff|Mike Meade, Alex Rogers|||1914-01-01|0|0|0|0|0| | |Debating Team|0|0||72
311|UMonMay1916vol35_Debating_Team|University Monthly May 1916 vol 35|Club|tiff|Mike Meade, Alex Rogers|||1916-01-01|0|0|0|0|0| | |Debating Team|0|0||72
312|UMonMay1919vol38_Debating_Team|University Monthly May 1919 vol 38|Club|tiff|Mike Meade, Alex Rogers|||1919-01-01|FT Pridham |0|0|0|0| | |Debating Team|0|0||72
313|UMonMay1922vol41_Debating_Team|University Monthly May 1922 vol 41|Club|tiff|Mike Meade, Alex Rogers|||1922-01-01|0|0|0|0|0| | |Debating Team|0|0||72
314|UMonMay_June1905vol24_Debating_Team|University Monthly May_June 1905 vol 24|Club|tiff|Mike Meade, Alex Rogers|||1905-01-01|0|0|0|0|0| | |Debating Team|0|0||72
315|UMonMay_June1905vol24_University_Monthly_Editors|0|Student Paper|tiff|Mike Meade, Alex Rogers|||1905-01-01|0|0|0|0|0| | | |0|0||72
316|UMonMay_June1906vol25_University_Monthly_Editors|0|Student Paper|tiff|Mike Meade, Alex Rogers|||1906-01-01|0|0|0|0|0| | | |0|0||72
317|UMonMay_June1907vol26_Debate_Team|University Monthly May_June 1907 vol 26|Club |tiff|Mike Meade, Alex Rogers|||1907-01-01|0|0|0|0|0| | |Debating Team|0|0||72
318|UMonMay_June1907vol26_Ladies_of_Graduation_Class|0|Class|tiff|Mike Meade, Alex Rogers|||1907-01-01|0|0|0|0|0| | | |0|0||72
319|UMonMay_June1907vol26_University_Monthly_Editors|0|Student Paper|tiff|Mike Meade, Alex Rogers|||1907-01-01|0|0|0|0|0| | | |0|0||72
320|UMonMay_June1908vol27_University_Monthly_Editors|0|Student Paper|tiff|Mike Meade, Alex Rogers|||1908-01-01|0|0|0|0|0| | | |0|0||72
321|UMonMay_June1912vol31_Debating_Team|University Monthly May_June 1912 vol 31|Club|tiff|Mike Meade, Alex Rogers|||1912-01-01|0|0|0|0|0| | |Debating Team|0|0||72
322|UMonNov1908vol28_Professors|University Monthly November 1908 vol 28|Professors|tiff|Mike Meade, Alex Rogers|||1908-01-01|0|0|0|0|0| | | |0|0||72
323|UMonNov1903vol23_University_Monthly_Editors|University Monthly November 1903 vol 23|Student Paper|tiff|Mike Meade, Alex Rogers|||1903-01-01|0|0|0|0|0| | |University Monthly Editors|0|0||72
324|UMonNov1911vol31_University_Monthly_Editors|University Monthly November 1911 vol 31|Student Paper|tiff|Mike Meade, Alex Rogers|||1911-01-01|0|0|0|0|0| | |University Monthly Editors|0|0||72
325|UMonNov1912vol32_University_Monthly_Editors|University Monthly November 1912 vol 32|Student Paper|tiff|Mike Meade, Alex Rogers|||1912-01-01|0|0|0|0|0| | |University Monthly Editors|0|0||72
326|UMonOct1911vol31_James_EHGillis|University Monthly October 1911 vol 31|Single|tiff|Mike Meade, Alex Rogers|||1911-01-01|0|0|0|0|0| | |James EH Gillis|0|0||72
327|UMonOct1911vol31_Professors|University Monthly October 1911 vol 31|Professors|tiff|Mike Meade, Alex Rogers|||1911-01-01|0|0|0|0|0| | | |0|0||72
328|class1969_no69_4048|UAPC-16_4048|Class|tiff|Mike Meade, Alex Rogers|||1969-01-01|Joe Stone and Son Ltd|0|0|0|0| | | |0|0||72
329|DougStartUAPC16_4117_Band|UAPC-16_4117|Club|tiff|Mike Meade, Alex Rogers|||1961-01-01|Harvey Studio|0|0|0|0| | |Band|0|0||72
330|DougStartUAPC16_4121_Band|UAPC-16_4121|Club|tiff|Mike Meade, Alex Rogers|||1964-01-01|Harvey Studio|0|0|0|0| | |Band|0|0||72
331|DougStartUAPC16_4122_Band|UAPC-16_4122|Club|tiff|Mike Meade, Alex Rogers|||1965-01-01|Harvey Studio|0|0|0|0| | |Band|0|0||72
332|DougStartUAPC16_4126_Glee_Club|UAPC-16_4126|Club|tiff|Mike Meade, Alex Rogers|||1964-01-01|Harvey Studio|0|0|0|0| | |Glee Club|0|0||72
333|DougStartUAPC16_4129_Glee_Club|UAPC-16_4129|Club|tiff|Mike Meade, Alex Rogers|||1966-01-01|0|0|0|0|0| | |Glee Club|0|0||72
334|DougStartUAPC16_4127_Glee_Club|UAPC-16_4127|Club|tiff|Mike Meade, Alex Rogers|||1965-01-01|Harvey Studio|0|0|0|0| | |Glee Club|0|0||72
